f17965e0-c11f-9e88-7514-32b3dff6e81b,Rustic Cotton Mouse,AGP,Handcrafted Steel Soap,calculate,Male
a1397307-f93c-af5d-e159-34f189276abc,bluetooth,pixel,Montana,ROI,Male
f4405b63-dfed-de05-6d73-f465970b7a4c,plum,Avon,hybrid,Fork,Male
7211d0d5-1b56-5683-4c3a-4b4bde837409,Tasty Fresh Hat,bypass,dynamic,Forward,Male
e47d188e-cdc6-7785-b55a-273b6308efc4,indexing,Buckinghamshire,backing up,Checking Account,Female
2e51373b-6ace-2632-3f36-a112b0c23c0e,Borders,cross-platform,Massachusetts,Parkways,Female
83028e1e-a24e-1d6a-7138-50ca0fd6740e,Personal Loan Account,Bermudian Dollar (customarily known as Bermuda Dollar),Future,Synergized,Male
571239a5-aac8-ac97-932f-2926cc380056,Robust,Gorgeous Steel Chair,Executive,green,Female
1d0d5f04-83d6-3908-8021-40e1a783d2c7,North Dakota,capacity,Automotive, Movies & Electronics,Wooden,Female
d2215513-8df6-4f5b-a53e-f8d2721b1739,Glen,Licensed Concrete Keyboard,Small Soft Bacon,Western Sahara,Female
f6e633ad-717b-44f8-9ac2-2ee80fba0478,tan,bottom-line,Small,lavender,Male
b2d48bc6-a046-7ded-6487-2d40d1a62a2e,Ports,Officer,Rubber,Auto Loan Account,Male
86d39d13-4b83-1b98-d914-6660773e3738,web services,extensible,Unbranded,plum,Female
9bca2dd4-f334-49f9-3431-c00d585b6343,Investment Account,turn-key,HTTP,Tasty,Female
3c69c60d-69ee-49ff-7cd3-6fdccf72989b,SCSI,Enterprise-wide,Grenada,olive,Female
7ae1fc38-232e-e2e5-086d-900ae3bb2d29,Grass-roots,Trinidad and Tobago,Liberian Dollar,Avon,Male
b16491c3-8bf7-4ace-2fec-ee9108c995de,violet,green,asynchronous,back up,Male
cf0aa471-a4d4-fb51-d6e1-1e67ab531ff8,Fresh,Accountability,Practical,frictionless,Female
cc9c47fc-7ab6-317f-15ff-9abc1fe6ef2a,reboot,markets,Refined Metal Chair,Computers,Male
6ab04f6f-a467-fbb3-f870-3b48d66fda82,SDD,monitoring,Steel,Electronics, Clothing & Music,Male
dea51ab7-57dd-ea4c-cc8d-9e1105f0c60c,RSS,Generic Frozen Chicken,framework,Center,Female
828b6a12-630e-dd91-10ad-735871a6d365,Fork,Communications,Hawaii,Automotive,Male
a5ab1359-ce15-fcd9-3d33-e93a907e3ddd,Optimization,Practical Frozen Sausages,Pike,panel,Male
ec33a83c-9439-60e9-d036-05c1ab469fb9,Representative,Gorgeous,maroon,Realigned,Male
db4b53eb-e904-b317-470e-fabd782a31bc,intangible,Exclusive,Burundi Franc,responsive,Female
bbf383be-7367-3ade-4172-d712404d5bee,Credit Card Account,Checking Account,Associate,neural-net,Female
e5ba298d-97b4-9664-79c8-4926530c14ea,Automated,Handmade Soft Keyboard,TCP,COM,Female
383c44af-5daa-5e30-0ab7-a6a764a3cedc,copy,Legacy,protocol,Metrics,Male
787f321e-1beb-c29d-3f03-54d5de0b1092,Intelligent Fresh Table,multi-state,International,USB,Male
a5c70ee0-c700-c065-60e5-a40a085e4331,B2C,Ports,Avon,neutral,Female
d9f50da2-5a3f-4c97-bf8b-6486d500e75b,Landing,Fresh,didactic,structure,Male
0a0b176d-100f-8428-1926-f4aedfe42b9b,e-commerce,programming,revolutionary,SQL,Male
b51c80be-b32d-ba58-57dd-494c2f5d6ae6,Villages,bandwidth,system,Steel,Male
1264a871-8716-0db6-e176-76d78e343f13,array,Investor,revolutionize,Unbranded,Female
b6ea2209-3418-99e1-9ef3-a1af1caf9853,Tunnel,invoice,Garden,bypassing,Male
468bc0eb-959c-33ae-a8ee-1f41039c42e6,incubate,Branding,Sleek Fresh Pizza,Circles,Male
d7612800-24f4-00d8-8a3d-ce4373a07738,Sleek,Iowa,auxiliary,Incredible,Female
b7603c3a-beaf-1166-9ca8-a0e7ffe81258,technologies,calculate,overriding,Personal Loan Account,Female
e37d90cb-e7ab-5e42-c2fc-89b4cecc7ba9,orange,Iowa,copy,Delaware,Female
1efb59d2-8b4c-f24c-895c-4d644963f66e,1080p,Mews,functionalities,interface,Male
f53b127d-cb36-a8c6-6caf-0591ae1e03d4,invoice,Corporate,compressing,Oregon,Male
6d226220-0048-8367-3b5d-5320868acb9a,Concrete,driver,dot-com,benchmark,Male
22645152-af8e-2da3-ea33-538c398d8745,initiative,Handcrafted Metal Pizza,Stravenue,Mandatory,Female
cd7794c7-76ba-a7ff-1232-ffce816a1a65,Customer,backing up,violet,Orchestrator,Male
e1c206ef-127e-b166-2764-9b49742f7109,Brooks,Plastic,Burgs,Group,Female
788d0d48-70a3-2ac2-0d4c-b5fdf1dde7a2,Gorgeous,Latvian Lats,back-end,El Salvador Colon,Male
96530e71-bfb1-238a-85f2-c395eafceff3,relationships,Glens,withdrawal,wireless,Male
a8b0848b-e630-797e-43e3-844c84606abf,Mississippi,backing up,transmitting,De-engineered,Female
6a741404-e4dc-68cb-7235-7b466455da36,deposit,bypassing,end-to-end,scale,Female
267b5537-1d2f-7bf7-5f35-81e429021aa7,archive,Configuration,Estonia,morph,Male
